date,os,visits
2016-09-15,(not set),43143
2016-09-15,Android,4490138
2016-09-15,BlackBerry,18889
2016-09-15,Chrome OS,319171
2016-09-15,Firefox OS,331
2016-09-15,FreeBSD,350
2016-09-15,Google TV,206
2016-09-15,Linux,141533
2016-09-15,Macintosh,2343812
2016-09-15,Nintendo Wii,333
2016-09-15,Nokia,765
2016-09-15,Playstation 3,235
2016-09-15,Playstation Vita,261
2016-09-15,Samsung,1150
2016-09-15,SunOS,111
2016-09-15,SymbianOS,338
2016-09-15,Windows,14334819
2016-09-15,Windows Phone,59674
2016-09-15,Xbox,947
2016-09-15,iOS,5784902
2016-09-16,(not set),42442
2016-09-16,Android,4180550
2016-09-16,BlackBerry,17045
2016-09-16,Chrome OS,278218
2016-09-16,Firefox OS,300
2016-09-16,FreeBSD,315
2016-09-16,Google TV,174
2016-09-16,Linux,128634
2016-09-16,Macintosh,1958855
2016-09-16,Nintendo Wii,374
2016-09-16,Nokia,691
2016-09-16,Playstation 3,244
2016-09-16,Playstation Vita,178
2016-09-16,Samsung,1171
2016-09-16,SymbianOS,317
2016-09-16,Windows,12330692
2016-09-16,Windows Phone,57055
2016-09-16,Xbox,904
2016-09-16,iOS,5279939
2016-09-17,(not set),38267
2016-09-17,Android,3532969
2016-09-17,BlackBerry,14718
2016-09-17,Chrome OS,79626
2016-09-17,Firefox OS,260
2016-09-17,FreeBSD,266
2016-09-17,Google TV,176
2016-09-17,Linux,91448
2016-09-17,Macintosh,1331155
2016-09-17,Nintendo Wii,386
2016-09-17,Nokia,653
2016-09-17,Playstation 3,227
2016-09-17,Playstation Vita,192
2016-09-17,Samsung,1165
2016-09-17,SymbianOS,309
2016-09-17,Windows,5451485
2016-09-17,Windows Phone,50719
2016-09-17,Xbox,883
2016-09-17,iOS,4392060
2016-09-18,(not set),40562
2016-09-18,Android,3291817
2016-09-18,BlackBerry,15028
2016-09-18,Chrome OS,100968
2016-09-18,Firefox OS,278
2016-09-18,FreeBSD,219
2016-09-18,Google TV,186
2016-09-18,Linux,89119
2016-09-18,Macintosh,1568121
2016-09-18,Nintendo Wii,420
2016-09-18,Nokia,799
2016-09-18,Playstation 3,191
2016-09-18,Playstation Vita,211
2016-09-18,Samsung,1286
2016-09-18,SymbianOS,327
2016-09-18,Windows,5703990
2016-09-18,Windows Phone,50195
2016-09-18,Xbox,903
2016-09-18,iOS,3986975
2016-09-19,(not set),42970
2016-09-19,Android,4458375
2016-09-19,BlackBerry,18528
2016-09-19,Chrome OS,313672
2016-09-19,Firefox OS,336
2016-09-19,FreeBSD,320
2016-09-19,Google TV,184
2016-09-19,Linux,146574
2016-09-19,Macintosh,2575390
2016-09-19,Nintendo Wii,330
2016-09-19,Nokia,755
2016-09-19,Playstation 3,283
2016-09-19,Playstation Vita,230
2016-09-19,Samsung,1237
2016-09-19,SunOS,130
2016-09-19,SymbianOS,351
2016-09-19,Windows,15315148
2016-09-19,Windows Phone,59671
2016-09-19,Xbox,994
2016-09-19,iOS,5626055
2016-09-20,(not set),43229
2016-09-20,Android,4499783
2016-09-20,BlackBerry,18975
2016-09-20,Chrome OS,327574
2016-09-20,Firefox OS,300
2016-09-20,FreeBSD,305
2016-09-20,Google TV,172
2016-09-20,Linux,145288
2016-09-20,Macintosh,2481275
2016-09-20,Nintendo Wii,332
2016-09-20,Nokia,759
2016-09-20,Playstation 3,262
2016-09-20,Playstation Vita,208
2016-09-20,Samsung,1350
2016-09-20,SymbianOS,349
2016-09-20,Windows,15128616
2016-09-20,Windows Phone,61154
2016-09-20,Xbox,994
2016-09-20,iOS,5664913
2016-09-21,(not set),44570
2016-09-21,Android,4637938
2016-09-21,BlackBerry,18896
2016-09-21,Chrome OS,327534
2016-09-21,Firefox OS,328
2016-09-21,FreeBSD,330
2016-09-21,Google TV,198
2016-09-21,Linux,142844
2016-09-21,Macintosh,2471420
2016-09-21,Nintendo Wii,399
2016-09-21,Nokia,785
2016-09-21,Playstation 3,267
2016-09-21,Playstation Vita,184
2016-09-21,Samsung,1235
2016-09-21,SunOS,102
2016-09-21,SymbianOS,317
2016-09-21,Windows,15022897
2016-09-21,Windows Phone,61260
2016-09-21,Xbox,1066
2016-09-21,iOS,5942378
2016-09-22,(not set),44461
2016-09-22,Android,4526536
2016-09-22,BlackBerry,18264
2016-09-22,Chrome OS,330759
2016-09-22,Firefox OS,334
2016-09-22,FreeBSD,403
2016-09-22,Google TV,173
2016-09-22,Linux,138692
2016-09-22,Macintosh,2334946
2016-09-22,Nintendo Wii,383
2016-09-22,Nokia,784
2016-09-22,Playstation 3,293
2016-09-22,Playstation Vita,202
2016-09-22,Samsung,1257
2016-09-22,SymbianOS,309
2016-09-22,Windows,14472188
2016-09-22,Windows Phone,60271
2016-09-22,Xbox,965
2016-09-22,iOS,5821399
2016-09-23,(not set),43401
2016-09-23,Android,6851141
2016-09-23,BlackBerry,18668
2016-09-23,Chrome OS,287576
2016-09-23,Firefox OS,348
2016-09-23,FreeBSD,342
2016-09-23,Google TV,185
2016-09-23,Linux,136506
2016-09-23,Macintosh,2084163
2016-09-23,Nintendo Wii,408
2016-09-23,Nokia,740
2016-09-23,Playstation 3,222
2016-09-23,Playstation Vita,206
2016-09-23,Samsung,1289
2016-09-23,SymbianOS,339
2016-09-23,Windows,12852403
2016-09-23,Windows Phone,64097
2016-09-23,Xbox,1229
2016-09-23,iOS,7754750
2016-09-24,(not set),38662
2016-09-24,Android,4827346
2016-09-24,BlackBerry,15938
2016-09-24,Chrome OS,83036
2016-09-24,Firefox OS,284
2016-09-24,FreeBSD,258
2016-09-24,Google TV,167
2016-09-24,Linux,93105
2016-09-24,Macintosh,1367375
2016-09-24,Nintendo Wii,393
2016-09-24,Nokia,655
2016-09-24,Playstation 3,238
2016-09-24,Playstation Vita,230
2016-09-24,Samsung,1194
2016-09-24,SymbianOS,311
2016-09-24,Windows,5621310
2016-09-24,Windows Phone,55506
2016-09-24,Xbox,1094
2016-09-24,iOS,5296943
2016-09-25,(not set),42844
2016-09-25,Android,4133385
2016-09-25,BlackBerry,15804
2016-09-25,Chrome OS,102151
2016-09-25,Firefox OS,267
2016-09-25,FreeBSD,237
2016-09-25,Google TV,161
2016-09-25,Linux,86873
2016-09-25,Macintosh,1591114
2016-09-25,Nintendo Wii,405
2016-09-25,Nokia,723
2016-09-25,Playstation 3,232
2016-09-25,Playstation Vita,188
2016-09-25,Samsung,1250
2016-09-25,SymbianOS,375
2016-09-25,Windows,5870667
2016-09-25,Windows Phone,57808
2016-09-25,Xbox,902
2016-09-25,iOS,4407152
2016-09-26,(not set),44715
2016-09-26,Android,4958421
2016-09-26,BlackBerry,18687
2016-09-26,Chrome OS,329798
2016-09-26,Firefox OS,335
2016-09-26,FreeBSD,377
2016-09-26,Google TV,166
2016-09-26,Linux,154725
2016-09-26,Macintosh,2591842
2016-09-26,Nintendo Wii,431
2016-09-26,Nokia,744
2016-09-26,Playstation 3,271
2016-09-26,Playstation Vita,230
2016-09-26,Samsung,1276
2016-09-26,SunOS,114
2016-09-26,SymbianOS,374
2016-09-26,Windows,15553203
2016-09-26,Windows Phone,66073
2016-09-26,Xbox,1107
2016-09-26,iOS,5849727
2016-09-27,(not set),49510
2016-09-27,Android,4744389
2016-09-27,BlackBerry,19438
2016-09-27,Chrome OS,345207
2016-09-27,Firefox OS,310
2016-09-27,FreeBSD,431
2016-09-27,Google TV,190
2016-09-27,Linux,147990
2016-09-27,Macintosh,2568773
2016-09-27,Nintendo Wii,486
2016-09-27,Nokia,904
2016-09-27,Playstation 3,247
2016-09-27,Playstation Vita,182
2016-09-27,Samsung,1538
2016-09-27,SymbianOS,400
2016-09-27,Windows,15480588
2016-09-27,Windows Phone,67374
2016-09-27,Xbox,955
2016-09-27,iOS,5645237
2016-09-28,(not set),53491
2016-09-28,Android,4758238
2016-09-28,BlackBerry,19520
2016-09-28,Chrome OS,350409
2016-09-28,Firefox OS,346
2016-09-28,FreeBSD,427
2016-09-28,Google TV,185
2016-09-28,Linux,147494
2016-09-28,Macintosh,2551533
2016-09-28,Nintendo Wii,444
2016-09-28,Nokia,858
2016-09-28,Playstation 3,194
2016-09-28,Playstation Vita,223
2016-09-28,Samsung,1443
2016-09-28,SymbianOS,446
2016-09-28,Windows,15472108
2016-09-28,Windows Phone,68274
2016-09-28,Xbox,983
2016-09-28,iOS,5727873
2016-09-29,(not set),52546
2016-09-29,Android,4507798
2016-09-29,BlackBerry,18443
2016-09-29,Chrome OS,353450
2016-09-29,Firefox OS,326
2016-09-29,FreeBSD,362
2016-09-29,Google TV,187
2016-09-29,Linux,138560
2016-09-29,Macintosh,2423837
2016-09-29,Nintendo Wii,351
2016-09-29,Nokia,896
2016-09-29,Playstation 3,205
2016-09-29,Playstation Vita,197
2016-09-29,Samsung,1321
2016-09-29,SymbianOS,408
2016-09-29,Windows,14917285
2016-09-29,Windows Phone,63714
2016-09-29,Xbox,877
2016-09-29,iOS,5603681
2016-09-30,(not set),50703
2016-09-30,Android,4457095
2016-09-30,BlackBerry,17340
2016-09-30,Chrome OS,291796
2016-09-30,Firefox OS,309
2016-09-30,FreeBSD,320
2016-09-30,Google TV,187
2016-09-30,Linux,132755
2016-09-30,Macintosh,2082453
2016-09-30,Nintendo Wii,364
2016-09-30,Nokia,779
2016-09-30,Playstation 3,190
2016-09-30,Playstation Vita,234
2016-09-30,Samsung,1283
2016-09-30,SymbianOS,394
2016-09-30,Windows,12921474
2016-09-30,Windows Phone,63878
2016-09-30,Xbox,842
2016-09-30,iOS,5336732
2016-10-01,(not set),53169
2016-10-01,Android,4057239
2016-10-01,BlackBerry,16072
2016-10-01,Chrome OS,87394
2016-10-01,Firefox OS,278
2016-10-01,FreeBSD,252
2016-10-01,Google TV,150
2016-10-01,Linux,89447
2016-10-01,Macintosh,1461653
2016-10-01,Nintendo Wii,383
2016-10-01,Nokia,745
2016-10-01,Playstation 3,208
2016-10-01,Playstation Vita,212
2016-10-01,Samsung,1255
2016-10-01,SymbianOS,401
2016-10-01,Windows,5935893
2016-10-01,Windows Phone,61953
2016-10-01,Xbox,894
2016-10-01,iOS,4552164
2016-10-02,(not set),58136
2016-10-02,Android,3961580
2016-10-02,BlackBerry,16504
2016-10-02,Chrome OS,105155
2016-10-02,Firefox OS,321
2016-10-02,FreeBSD,274
2016-10-02,Google TV,173
2016-10-02,Linux,88030
2016-10-02,Macintosh,1676000
2016-10-02,Nintendo Wii,388
2016-10-02,Nokia,811
2016-10-02,Playstation 3,225
2016-10-02,Playstation Vita,233
2016-10-02,Samsung,1362
2016-10-02,SymbianOS,475
2016-10-02,Windows,6130711
2016-10-02,Windows Phone,64118
2016-10-02,Xbox,847
2016-10-02,iOS,4206480
2016-10-03,(not set),61047
2016-10-03,Android,4884708
2016-10-03,BlackBerry,18820
2016-10-03,Chrome OS,322900
2016-10-03,Firefox OS,358
2016-10-03,FreeBSD,309
2016-10-03,Google TV,160
2016-10-03,Linux,148421
2016-10-03,Macintosh,2703487
2016-10-03,Nintendo Wii,374
2016-10-03,Nokia,868
2016-10-03,Playstation 3,202
2016-10-03,Playstation Vita,229
2016-10-03,Samsung,1248
2016-10-03,SymbianOS,410
2016-10-03,Windows,15876002
2016-10-03,Windows Phone,70460
2016-10-03,Xbox,1036
2016-10-03,iOS,5682259
2016-10-04,(not set),57913
2016-10-04,Android,5033110
2016-10-04,BlackBerry,19145
2016-10-04,Chrome OS,358678
2016-10-04,Firefox OS,355
2016-10-04,FreeBSD,338
2016-10-04,Google TV,186
2016-10-04,Linux,157741
2016-10-04,Macintosh,2730129
2016-10-04,Nintendo Wii,378
2016-10-04,Nokia,1006
2016-10-04,Playstation 3,266
2016-10-04,Playstation Vita,249
2016-10-04,Samsung,1436
2016-10-04,SunOS,138
2016-10-04,SymbianOS,536
2016-10-04,Windows,16778574
2016-10-04,Windows Phone,69609
2016-10-04,Xbox,1134
2016-10-04,iOS,5979705
2016-10-05,(not set),52484
2016-10-05,Android,4910451
2016-10-05,BlackBerry,18983
2016-10-05,Chrome OS,359700
2016-10-05,Firefox OS,306
2016-10-05,FreeBSD,310
2016-10-05,Google TV,221
2016-10-05,Linux,152594
2016-10-05,Macintosh,2646122
2016-10-05,Nintendo Wii,460
2016-10-05,Nokia,924
2016-10-05,Playstation 3,244
2016-10-05,Playstation Vita,205
2016-10-05,Samsung,1296
2016-10-05,SunOS,113
2016-10-05,SymbianOS,455
2016-10-05,Windows,16395773
2016-10-05,Windows Phone,67251
2016-10-05,Xbox,1081
2016-10-05,iOS,6083078
2016-10-06,(not set),48925
2016-10-06,Android,4834318
2016-10-06,BlackBerry,18787
2016-10-06,Chrome OS,364995
2016-10-06,Firefox OS,325
2016-10-06,FreeBSD,359
2016-10-06,Google TV,213
2016-10-06,Linux,151551
2016-10-06,Macintosh,2550622
2016-10-06,Nintendo Wii,450
2016-10-06,Nokia,894
2016-10-06,Playstation 3,289
2016-10-06,Playstation Vita,251
2016-10-06,Samsung,1227
2016-10-06,SunOS,105
2016-10-06,SymbianOS,395
2016-10-06,Windows,15889256
2016-10-06,Windows Phone,65058
2016-10-06,Xbox,1297
2016-10-06,iOS,6121589
2016-10-07,(not set),45285
2016-10-07,Android,4318192
2016-10-07,BlackBerry,16381
2016-10-07,Chrome OS,277837
2016-10-07,Firefox OS,262
2016-10-07,FreeBSD,349
2016-10-07,Google TV,200
2016-10-07,Linux,136457
2016-10-07,Macintosh,2081770
2016-10-07,Nintendo Wii,391
2016-10-07,Nokia,830
2016-10-07,Playstation 3,231
2016-10-07,Playstation Vita,229
2016-10-07,Samsung,1166
2016-10-07,SymbianOS,333
2016-10-07,Windows,13086608
2016-10-07,Windows Phone,58433
2016-10-07,Xbox,1115
2016-10-07,iOS,5441226
2016-10-08,(not set),40798
2016-10-08,Android,3895977
2016-10-08,BlackBerry,14189
2016-10-08,Chrome OS,84042
2016-10-08,Firefox OS,240
2016-10-08,FreeBSD,316
2016-10-08,Google TV,149
2016-10-08,Linux,88467
2016-10-08,Macintosh,1407062
2016-10-08,Nintendo Wii,390
2016-10-08,Nokia,713
2016-10-08,Playstation 3,214
2016-10-08,Playstation Vita,189
2016-10-08,Samsung,1109
2016-10-08,SymbianOS,318
2016-10-08,Windows,6129731
2016-10-08,Windows Phone,49627
2016-10-08,Xbox,946
2016-10-08,iOS,4595285
2016-10-09,(not set),40883
2016-10-09,Android,3282408
2016-10-09,BlackBerry,13485
2016-10-09,Chrome OS,94045
2016-10-09,Firefox OS,266
2016-10-09,FreeBSD,260
2016-10-09,Google TV,188
2016-10-09,Linux,82026
2016-10-09,Macintosh,1519054
2016-10-09,Nintendo Wii,315
2016-10-09,Nokia,711
2016-10-09,Playstation 3,205
2016-10-09,Playstation Vita,185
2016-10-09,Samsung,1090
2016-10-09,SymbianOS,384
2016-10-09,Windows,5938617
2016-10-09,Windows Phone,47534
2016-10-09,Xbox,807
2016-10-09,iOS,3889862
2016-10-10,(not set),43057
2016-10-10,Android,4010600
2016-10-10,BlackBerry,15010
2016-10-10,Chrome OS,258465
2016-10-10,Firefox OS,299
2016-10-10,FreeBSD,334
2016-10-10,Google TV,151
2016-10-10,Linux,127259
2016-10-10,Macintosh,2372834
2016-10-10,Nintendo Wii,400
2016-10-10,Nokia,737
2016-10-10,Playstation 3,198
2016-10-10,Playstation Vita,230
2016-10-10,Samsung,1161
2016-10-10,SymbianOS,320
2016-10-10,Windows,12618260
2016-10-10,Windows Phone,55269
2016-10-10,Xbox,974
2016-10-10,iOS,4916296
2016-10-11,(not set),47906
2016-10-11,Android,4644330
2016-10-11,BlackBerry,16263
2016-10-11,Chrome OS,348056
2016-10-11,Firefox OS,350
2016-10-11,FreeBSD,281
2016-10-11,Google TV,167
2016-10-11,Linux,138921
2016-10-11,Macintosh,2609306
2016-10-11,Nintendo Wii,398
2016-10-11,Nokia,735
2016-10-11,Playstation 3,174
2016-10-11,Playstation Vita,228
2016-10-11,Samsung,1198
2016-10-11,SunOS,107
2016-10-11,SymbianOS,363
2016-10-11,Windows,15762490
2016-10-11,Windows Phone,58882
2016-10-11,Xbox,1157
2016-10-11,iOS,5896886
2016-10-12,(not set),45224
2016-10-12,Android,4425286
2016-10-12,BlackBerry,17099
2016-10-12,Chrome OS,329098
2016-10-12,Firefox OS,305
2016-10-12,FreeBSD,307
2016-10-12,Google TV,169
2016-10-12,Linux,132858
2016-10-12,Macintosh,2549342
2016-10-12,Nintendo Wii,369
2016-10-12,Nokia,750
2016-10-12,Playstation 3,221
2016-10-12,Playstation Vita,241
2016-10-12,Samsung,1269
2016-10-12,SymbianOS,356
2016-10-12,Windows,15473901
2016-10-12,Windows Phone,58256
2016-10-12,Xbox,963
2016-10-12,iOS,5688358
2016-10-13,(not set),45968
2016-10-13,Android,4349272
2016-10-13,BlackBerry,16563
2016-10-13,Chrome OS,355659
2016-10-13,Firefox OS,320
2016-10-13,FreeBSD,298
2016-10-13,Google TV,143
2016-10-13,Linux,139680
2016-10-13,Macintosh,2510361
2016-10-13,Nintendo Wii,402
2016-10-13,Nokia,838
2016-10-13,Playstation 3,230
2016-10-13,Playstation Vita,157
2016-10-13,Samsung,1176
2016-10-13,SunOS,133
2016-10-13,SymbianOS,314
2016-10-13,Windows,15491980
2016-10-13,Windows Phone,57226
2016-10-13,Xbox,1062
2016-10-13,iOS,5649748
2016-10-14,(not set),42364
2016-10-14,Android,4077429
2016-10-14,BlackBerry,15151
2016-10-14,Chrome OS,288025
2016-10-14,Firefox OS,297
2016-10-14,FreeBSD,338
2016-10-14,Google TV,187
2016-10-14,Linux,130864
2016-10-14,Macintosh,2158225
2016-10-14,Nintendo Wii,348
2016-10-14,Nokia,693
2016-10-14,Playstation 3,238
2016-10-14,Playstation Vita,180
2016-10-14,Samsung,1119
2016-10-14,SymbianOS,349
2016-10-14,Windows,13448487
2016-10-14,Windows Phone,53507
2016-10-14,Xbox,933
2016-10-14,iOS,5285932
2016-10-15,(not set),39225
2016-10-15,Android,3496960
2016-10-15,BlackBerry,13741
2016-10-15,Chrome OS,86843
2016-10-15,Firefox OS,262
2016-10-15,FreeBSD,272
2016-10-15,Google TV,167
2016-10-15,Linux,89073
2016-10-15,Macintosh,1506426
2016-10-15,Nintendo Wii,358
2016-10-15,Nokia,671
2016-10-15,Playstation 3,252
2016-10-15,Playstation Vita,186
2016-10-15,Samsung,1109
2016-10-15,SymbianOS,297
2016-10-15,Windows,6299547
2016-10-15,Windows Phone,47951
2016-10-15,Xbox,912
2016-10-15,iOS,4449480
2016-10-16,(not set),41942
2016-10-16,Android,3274874
2016-10-16,BlackBerry,13805
2016-10-16,Chrome OS,108984
2016-10-16,Firefox OS,281
2016-10-16,FreeBSD,280
2016-10-16,Google TV,137
2016-10-16,Linux,82892
2016-10-16,Macintosh,1729498
2016-10-16,Nintendo Wii,349
2016-10-16,Nokia,738
2016-10-16,Playstation 3,249
2016-10-16,Playstation Vita,193
2016-10-16,Samsung,1057
2016-10-16,SymbianOS,338
2016-10-16,Windows,6505842
2016-10-16,Windows Phone,46518
2016-10-16,Xbox,946
2016-10-16,iOS,4066357
2016-10-17,(not set),44313
2016-10-17,Android,4449763
2016-10-17,BlackBerry,16413
2016-10-17,Chrome OS,348237
2016-10-17,Firefox OS,335
2016-10-17,FreeBSD,347
2016-10-17,Google TV,193
2016-10-17,Linux,138364
2016-10-17,Macintosh,2779365
2016-10-17,Nintendo Wii,393
2016-10-17,Nokia,667
2016-10-17,Playstation 3,253
2016-10-17,Playstation Vita,188
2016-10-17,Samsung,1178
2016-10-17,SunOS,126
2016-10-17,SymbianOS,331
2016-10-17,Windows,16336906
2016-10-17,Windows Phone,57342
2016-10-17,Xbox,1079
2016-10-17,iOS,5733224
2016-10-18,(not set),44717
2016-10-18,Android,4312514
2016-10-18,BlackBerry,16748
2016-10-18,Chrome OS,370667
2016-10-18,Firefox OS,311
2016-10-18,FreeBSD,309
2016-10-18,Google TV,146
2016-10-18,Linux,134872
2016-10-18,Macintosh,2589206
2016-10-18,Nintendo Wii,343
2016-10-18,Nokia,745
2016-10-18,Playstation 3,284
2016-10-18,Playstation Vita,175
2016-10-18,Samsung,1223
2016-10-18,SymbianOS,314
2016-10-18,Windows,15649700
2016-10-18,Windows Phone,56459
2016-10-18,Xbox,1032
2016-10-18,iOS,5482341
2016-10-19,(not set),44857
2016-10-19,Android,4355380
2016-10-19,BlackBerry,16547
2016-10-19,Chrome OS,334412
2016-10-19,Firefox OS,348
2016-10-19,FreeBSD,337
2016-10-19,Google TV,176
2016-10-19,Linux,133099
2016-10-19,Macintosh,2515406
2016-10-19,Nintendo Wii,286
2016-10-19,Nokia,716
2016-10-19,Playstation 3,243
2016-10-19,Playstation Vita,181
2016-10-19,Samsung,1138
2016-10-19,SunOS,113
2016-10-19,SymbianOS,339
2016-10-19,Windows,15201149
2016-10-19,Windows Phone,56211
2016-10-19,Xbox,925
2016-10-19,iOS,5601054
2016-10-20,(not set),44716
2016-10-20,Android,4242160
2016-10-20,BlackBerry,16706
2016-10-20,Chrome OS,347191
2016-10-20,Firefox OS,303
2016-10-20,FreeBSD,342
2016-10-20,Google TV,156
2016-10-20,Linux,127753
2016-10-20,Macintosh,2412962
2016-10-20,Nintendo Wii,351
2016-10-20,Nokia,759
2016-10-20,Playstation 3,259
2016-10-20,Playstation Vita,237
2016-10-20,Samsung,1140
2016-10-20,SymbianOS,340
2016-10-20,Windows,14736719
2016-10-20,Windows Phone,54960
2016-10-20,Xbox,1004
2016-10-20,iOS,5465466
2016-10-21,(not set),40878
2016-10-21,Android,3900566
2016-10-21,BlackBerry,15001
2016-10-21,Chrome OS,289691
2016-10-21,Firefox OS,290
2016-10-21,FreeBSD,326
2016-10-21,Google TV,161
2016-10-21,Linux,120460
2016-10-21,Macintosh,2077984
2016-10-21,Nintendo Wii,310
2016-10-21,Nokia,658
2016-10-21,Playstation 3,237
2016-10-21,Playstation Vita,172
2016-10-21,Samsung,1144
2016-10-21,SymbianOS,335
2016-10-21,Windows,12800183
2016-10-21,Windows Phone,50747
2016-10-21,Xbox,849
2016-10-21,iOS,4996850
2016-10-22,(not set),40272
2016-10-22,Android,3241520
2016-10-22,BlackBerry,12474
2016-10-22,Chrome OS,79971
2016-10-22,Firefox OS,267
2016-10-22,FreeBSD,229
2016-10-22,Google TV,164
2016-10-22,Linux,80459
2016-10-22,Macintosh,1377498
2016-10-22,Nintendo Wii,344
2016-10-22,Nokia,654
2016-10-22,Playstation 3,232
2016-10-22,Playstation Vita,172
2016-10-22,Samsung,1051
2016-10-22,SymbianOS,286
2016-10-22,Windows,5682074
2016-10-22,Windows Phone,44004
2016-10-22,Xbox,730
2016-10-22,iOS,4021591
2016-10-23,(not set),42718
2016-10-23,Android,3080562
2016-10-23,BlackBerry,12714
2016-10-23,Chrome OS,101247
2016-10-23,Firefox OS,190
2016-10-23,FreeBSD,232
2016-10-23,Google TV,127
2016-10-23,Linux,78664
2016-10-23,Macintosh,1609146
2016-10-23,Nintendo Wii,268
2016-10-23,Nokia,681
2016-10-23,Playstation 3,229
2016-10-23,Playstation Vita,166
2016-10-23,Samsung,1084
2016-10-23,SymbianOS,289
2016-10-23,Windows,5968431
2016-10-23,Windows Phone,43493
2016-10-23,Xbox,703
2016-10-23,iOS,3698165
2016-10-24,(not set),45657
2016-10-24,Android,4230586
2016-10-24,BlackBerry,15899
2016-10-24,Chrome OS,359830
2016-10-24,Firefox OS,310
2016-10-24,FreeBSD,283
2016-10-24,Google TV,173
2016-10-24,Linux,131229
2016-10-24,Macintosh,2699644
2016-10-24,Nintendo Wii,301
2016-10-24,Nokia,738
2016-10-24,Playstation 3,258
2016-10-24,Playstation Vita,173
2016-10-24,Samsung,1117
2016-10-24,SunOS,134
2016-10-24,SymbianOS,290
2016-10-24,Windows,15844495
2016-10-24,Windows Phone,53877
2016-10-24,Xbox,890
2016-10-24,iOS,5366854
2016-10-25,(not set),45517
2016-10-25,Android,4254071
2016-10-25,BlackBerry,15979
2016-10-25,Chrome OS,389206
2016-10-25,Firefox OS,300
2016-10-25,FreeBSD,298
2016-10-25,Google TV,165
2016-10-25,Linux,129734
2016-10-25,Macintosh,2618328
2016-10-25,Nintendo Wii,328
2016-10-25,Nokia,712
2016-10-25,Playstation 3,231
2016-10-25,Playstation Vita,197
2016-10-25,Samsung,1173
2016-10-25,SunOS,108
2016-10-25,SymbianOS,327
2016-10-25,Windows,15705817
2016-10-25,Windows Phone,53894
2016-10-25,Xbox,853
2016-10-25,iOS,5417373
2016-10-26,(not set),43643
2016-10-26,Android,3059548
2016-10-26,BlackBerry,11634
2016-10-26,Chrome OS,308956
2016-10-26,Firefox OS,282
2016-10-26,FreeBSD,172
2016-10-26,Google TV,109
2016-10-26,Linux,93329
2016-10-26,Macintosh,1785528
2016-10-26,Nintendo Wii,242
2016-10-26,Nokia,695
2016-10-26,Playstation 3,173
2016-10-26,Playstation Vita,141
2016-10-26,Samsung,940
2016-10-26,SymbianOS,352
2016-10-26,Windows,9898014
2016-10-26,Windows Phone,40889
2016-10-26,Xbox,733
2016-10-26,iOS,4000297
2016-10-27,(not set),48296
2016-10-27,Android,4202085
2016-10-27,BlackBerry,15242
2016-10-27,Chrome OS,381702
2016-10-27,Firefox OS,296
2016-10-27,FreeBSD,319
2016-10-27,Google TV,185
2016-10-27,Linux,131258
2016-10-27,Macintosh,2494334
2016-10-27,Nintendo Wii,330
2016-10-27,Nokia,803
2016-10-27,Playstation 3,244
2016-10-27,Playstation Vita,199
2016-10-27,Samsung,1130
2016-10-27,SunOS,115
2016-10-27,SymbianOS,345
2016-10-27,Windows,15441532
2016-10-27,Windows Phone,52536
2016-10-27,Xbox,796
2016-10-27,iOS,5470975
2016-10-28,(not set),42029
2016-10-28,Android,3757581
2016-10-28,BlackBerry,13198
2016-10-28,Chrome OS,300371
2016-10-28,Firefox OS,244
2016-10-28,FreeBSD,291
2016-10-28,Google TV,175
2016-10-28,Linux,117273
2016-10-28,Macintosh,2018133
2016-10-28,Nintendo Wii,255
2016-10-28,Nokia,615
2016-10-28,Playstation 3,210
2016-10-28,Playstation Vita,181
2016-10-28,Samsung,928
2016-10-28,SymbianOS,315
2016-10-28,Windows,12794044
2016-10-28,Windows Phone,47301
2016-10-28,Xbox,829
2016-10-28,iOS,4908593
2016-10-29,(not set),37811
2016-10-29,Android,3075564
2016-10-29,BlackBerry,11491
2016-10-29,Chrome OS,78628
2016-10-29,Firefox OS,188
2016-10-29,FreeBSD,240
2016-10-29,Google TV,162
2016-10-29,Linux,79464
2016-10-29,Macintosh,1344579
2016-10-29,Nintendo Wii,312
2016-10-29,Nokia,567
2016-10-29,Playstation 3,167
2016-10-29,Playstation Vita,162
2016-10-29,Samsung,873
2016-10-29,SymbianOS,259
2016-10-29,Windows,5802889
2016-10-29,Windows Phone,40547
2016-10-29,Xbox,716
2016-10-29,iOS,3922850
2016-10-30,(not set),39558
2016-10-30,Android,3001583
2016-10-30,BlackBerry,12570
2016-10-30,Chrome OS,103625
2016-10-30,Firefox OS,228
2016-10-30,FreeBSD,286
2016-10-30,Google TV,181
2016-10-30,Linux,82267
2016-10-30,Macintosh,1638510
2016-10-30,Nintendo Wii,363
2016-10-30,Nokia,632
2016-10-30,Playstation 3,181
2016-10-30,Playstation Vita,171
2016-10-30,Samsung,901
2016-10-30,SymbianOS,276
2016-10-30,Windows,6282668
2016-10-30,Windows Phone,43043
2016-10-30,Xbox,753
2016-10-30,iOS,3719333
2016-10-31,(not set),42588
2016-10-31,Android,3678831
2016-10-31,BlackBerry,14156
2016-10-31,Chrome OS,312800
2016-10-31,Firefox OS,243
2016-10-31,FreeBSD,299
2016-10-31,Google TV,162
2016-10-31,Linux,126447
2016-10-31,Macintosh,2478621
2016-10-31,Nintendo Wii,323
2016-10-31,Nokia,639
2016-10-31,Playstation 3,204
2016-10-31,Playstation Vita,177
2016-10-31,Samsung,1020
2016-10-31,SunOS,109
2016-10-31,SymbianOS,352
2016-10-31,Windows,14893433
2016-10-31,Windows Phone,48109
2016-10-31,Xbox,740
2016-10-31,iOS,4707668
2016-11-01,(not set),44268
2016-11-01,Android,3940535
2016-11-01,BlackBerry,14769
2016-11-01,Chrome OS,382303
2016-11-01,Firefox OS,237
2016-11-01,FreeBSD,269
2016-11-01,Google TV,142
2016-11-01,Linux,123198
2016-11-01,Macintosh,2553626
2016-11-01,Nintendo Wii,275
2016-11-01,Nokia,699
2016-11-01,Playstation 3,210
2016-11-01,Playstation Vita,156
2016-11-01,Samsung,976
2016-11-01,SymbianOS,259
2016-11-01,Windows,15289157
2016-11-01,Windows Phone,49850
2016-11-01,Xbox,827
2016-11-01,iOS,5118333
2016-11-02,(not set),45452
2016-11-02,Android,4171861
2016-11-02,BlackBerry,14977
2016-11-02,Chrome OS,390267
2016-11-02,Firefox OS,246
2016-11-02,FreeBSD,257
2016-11-02,Google TV,184
2016-11-02,Linux,135217
2016-11-02,Macintosh,2547077
2016-11-02,Nintendo Wii,335
2016-11-02,Nokia,664
2016-11-02,Playstation 3,256
2016-11-02,Playstation Vita,176
2016-11-02,Samsung,1050
2016-11-02,SymbianOS,306
2016-11-02,Windows,15451410
2016-11-02,Windows Phone,52675
2016-11-02,Xbox,884
2016-11-02,iOS,5419775
2016-11-03,(not set),45459
2016-11-03,Android,4116387
2016-11-03,BlackBerry,15219
2016-11-03,Chrome OS,401753
2016-11-03,Firefox OS,297
2016-11-03,FreeBSD,287
2016-11-03,Google TV,168
2016-11-03,Linux,129245
2016-11-03,Macintosh,2423735
2016-11-03,Nintendo Wii,326
2016-11-03,Nokia,705
2016-11-03,Playstation 3,255
2016-11-03,Playstation Vita,206
2016-11-03,Samsung,1042
2016-11-03,SymbianOS,304
2016-11-03,Windows,14950922
2016-11-03,Windows Phone,51556
2016-11-03,Xbox,872
2016-11-03,iOS,5303253
2016-11-04,(not set),41562
2016-11-04,Android,3836907
2016-11-04,BlackBerry,13773
2016-11-04,Chrome OS,327093
2016-11-04,Firefox OS,284
2016-11-04,FreeBSD,287
2016-11-04,Google TV,127
2016-11-04,Linux,129998
2016-11-04,Macintosh,2048155
2016-11-04,Nintendo Wii,298
2016-11-04,Nokia,656
2016-11-04,Playstation 3,207
2016-11-04,Playstation Vita,148
2016-11-04,Samsung,1051
2016-11-04,SymbianOS,297
2016-11-04,Windows,12894969
2016-11-04,Windows Phone,48686
2016-11-04,Xbox,848
2016-11-04,iOS,4879010
2016-11-05,(not set),39784
2016-11-05,Android,3197674
2016-11-05,BlackBerry,11724
2016-11-05,Chrome OS,81309
2016-11-05,Firefox OS,261
2016-11-05,FreeBSD,246
2016-11-05,Google TV,127
2016-11-05,Linux,92762
2016-11-05,Macintosh,1393372
2016-11-05,Nintendo Wii,297
2016-11-05,Nokia,608
2016-11-05,Playstation 3,207
2016-11-05,Playstation Vita,154
2016-11-05,Samsung,965
2016-11-05,SymbianOS,310
2016-11-05,Windows,5872069
2016-11-05,Windows Phone,42814
2016-11-05,Xbox,797
2016-11-05,iOS,3989433
2016-11-06,(not set),44411
2016-11-06,Android,3288703
2016-11-06,BlackBerry,12496
2016-11-06,Chrome OS,109361
2016-11-06,Firefox OS,260
2016-11-06,FreeBSD,240
2016-11-06,Google TV,147
2016-11-06,Linux,96889
2016-11-06,Macintosh,1785461
2016-11-06,Nintendo Wii,301
2016-11-06,Nokia,650
2016-11-06,Playstation 3,190
2016-11-06,Playstation Vita,202
2016-11-06,Samsung,1014
2016-11-06,SymbianOS,324
2016-11-06,Windows,6710152
2016-11-06,Windows Phone,46190
2016-11-06,Xbox,881
2016-11-06,iOS,4001060
2016-11-07,(not set),46530
2016-11-07,Android,4225389
2016-11-07,BlackBerry,15276
2016-11-07,Chrome OS,379440
2016-11-07,Firefox OS,249
2016-11-07,FreeBSD,306
2016-11-07,Google TV,155
2016-11-07,Linux,138146
2016-11-07,Macintosh,2707069
2016-11-07,Nintendo Wii,314
2016-11-07,Nokia,793
2016-11-07,Playstation 3,231
2016-11-07,Playstation Vita,189
2016-11-07,Samsung,1201
2016-11-07,SunOS,149
2016-11-07,SymbianOS,290
2016-11-07,Windows,16060053
2016-11-07,Windows Phone,53852
2016-11-07,Xbox,792
2016-11-07,iOS,5308415
2016-11-08,(not set),47614
2016-11-08,Android,4314599
2016-11-08,BlackBerry,15739
2016-11-08,Chrome OS,336715
2016-11-08,Firefox OS,330
2016-11-08,FreeBSD,297
2016-11-08,Google TV,162
2016-11-08,Linux,128769
2016-11-08,Macintosh,2419972
2016-11-08,Nintendo Wii,348
2016-11-08,Nokia,697
2016-11-08,Playstation 3,207
2016-11-08,Playstation Vita,188
2016-11-08,Samsung,1124
2016-11-08,SymbianOS,296
2016-11-08,Windows,14507156
2016-11-08,Windows Phone,57852
2016-11-08,Xbox,886
2016-11-08,iOS,5507240
2016-11-09,(not set),47451
2016-11-09,Android,4448419
2016-11-09,BlackBerry,15234
2016-11-09,Chrome OS,388285
2016-11-09,Firefox OS,307
2016-11-09,FreeBSD,248
2016-11-09,Google TV,183
2016-11-09,Linux,133007
2016-11-09,Macintosh,2488858
2016-11-09,Nintendo Wii,331
2016-11-09,Nokia,734
2016-11-09,Playstation 3,264
2016-11-09,Playstation Vita,198
2016-11-09,Samsung,1066
2016-11-09,SymbianOS,285
2016-11-09,Windows,14492285
2016-11-09,Windows Phone,56233
2016-11-09,Xbox,974
2016-11-09,iOS,6182118
2016-11-10,(not set),46059
2016-11-10,Android,4641494
2016-11-10,BlackBerry,15634
2016-11-10,Chrome OS,390452
2016-11-10,Firefox OS,301
2016-11-10,FreeBSD,287
2016-11-10,Google TV,168
2016-11-10,Linux,133090
2016-11-10,Macintosh,2648272
2016-11-10,Nintendo Wii,322
2016-11-10,Nokia,663
2016-11-10,Playstation 3,192
2016-11-10,Playstation Vita,146
2016-11-10,Samsung,1071
2016-11-10,SunOS,105
2016-11-10,SymbianOS,259
2016-11-10,Windows,14519421
2016-11-10,Windows Phone,53283
2016-11-10,Xbox,841
2016-11-10,iOS,6596676
2016-11-11,(not set),41955
2016-11-11,Android,4056657
2016-11-11,BlackBerry,13435
2016-11-11,Chrome OS,239842
2016-11-11,Firefox OS,240
2016-11-11,FreeBSD,302
2016-11-11,Google TV,156
2016-11-11,Linux,115192
2016-11-11,Macintosh,2061693
2016-11-11,Nintendo Wii,330
2016-11-11,Nokia,607
2016-11-11,Playstation 3,170
2016-11-11,Playstation Vita,223
2016-11-11,Samsung,938
2016-11-11,SymbianOS,256
2016-11-11,Windows,10188227
2016-11-11,Windows Phone,49088
2016-11-11,Xbox,877
2016-11-11,iOS,5510432
2016-11-12,(not set),39204
2016-11-12,Android,3504434
2016-11-12,BlackBerry,11674
2016-11-12,Chrome OS,87798
2016-11-12,Firefox OS,205
2016-11-12,FreeBSD,224
2016-11-12,Google TV,140
2016-11-12,Linux,85963
2016-11-12,Macintosh,1509424
2016-11-12,Nintendo Wii,314
2016-11-12,Nokia,672
2016-11-12,Playstation 3,172
2016-11-12,Playstation Vita,213
2016-11-12,Samsung,961
2016-11-12,SymbianOS,249
2016-11-12,Windows,5757516
2016-11-12,Windows Phone,43155
2016-11-12,Xbox,896
2016-11-12,iOS,4743872
2016-11-13,(not set),42022
2016-11-13,Android,3498809
2016-11-13,BlackBerry,12778
2016-11-13,Chrome OS,115583
2016-11-13,Firefox OS,287
2016-11-13,FreeBSD,252
2016-11-13,Google TV,149
2016-11-13,Linux,86692
2016-11-13,Macintosh,1819049
2016-11-13,Nintendo Wii,336
2016-11-13,Nokia,605
2016-11-13,Playstation 3,162
2016-11-13,Playstation Vita,193
2016-11-13,Samsung,1045
2016-11-13,SymbianOS,257
2016-11-13,Windows,6308620
2016-11-13,Windows Phone,46411
2016-11-13,Xbox,822
2016-11-13,iOS,4380840
2016-11-14,(not set),46112
2016-11-14,Android,4441984
2016-11-14,BlackBerry,15244
2016-11-14,Chrome OS,406416
2016-11-14,Firefox OS,294
2016-11-14,FreeBSD,300
2016-11-14,Google TV,172
2016-11-14,Linux,134052
2016-11-14,Macintosh,2906647
2016-11-14,Nintendo Wii,345
2016-11-14,Nokia,685
2016-11-14,Playstation 3,205
2016-11-14,Playstation Vita,205
2016-11-14,Samsung,1194
2016-11-14,SymbianOS,294
2016-11-14,Windows,16172946
2016-11-14,Windows Phone,54043
2016-11-14,Xbox,998
2016-11-14,iOS,5809586
2016-11-15,(not set),45743
2016-11-15,Android,4308067
2016-11-15,BlackBerry,14859
2016-11-15,Chrome OS,429613
2016-11-15,Firefox OS,264
2016-11-15,FreeBSD,308
2016-11-15,Google TV,157
2016-11-15,Linux,131733
2016-11-15,Macintosh,2798098
2016-11-15,Nintendo Wii,308
2016-11-15,Nokia,646
2016-11-15,Playstation 3,242
2016-11-15,Playstation Vita,212
2016-11-15,Samsung,1130
2016-11-15,SymbianOS,239
2016-11-15,Windows,15806401
2016-11-15,Windows Phone,53039
2016-11-15,Xbox,885
2016-11-15,iOS,5797078
2016-11-16,(not set),45598
2016-11-16,Android,4380499
2016-11-16,BlackBerry,15005
2016-11-16,Chrome OS,431386
2016-11-16,Firefox OS,276
2016-11-16,FreeBSD,306
2016-11-16,Google TV,202
2016-11-16,Linux,131452
2016-11-16,Macintosh,2730111
2016-11-16,Nintendo Wii,326
2016-11-16,Nokia,656
2016-11-16,Playstation 3,175
2016-11-16,Playstation Vita,200
2016-11-16,Samsung,1061
2016-11-16,SunOS,105
2016-11-16,SymbianOS,269
2016-11-16,Windows,15514396
2016-11-16,Windows Phone,52018
2016-11-16,Xbox,940
2016-11-16,iOS,5997531
2016-11-17,(not set),44430
2016-11-17,Android,4261468
2016-11-17,BlackBerry,14452
2016-11-17,Chrome OS,428002
2016-11-17,Firefox OS,224
2016-11-17,FreeBSD,329
2016-11-17,Google TV,165
2016-11-17,Linux,132457
2016-11-17,Macintosh,2561559
2016-11-17,Nintendo Wii,330
2016-11-17,Nokia,661
2016-11-17,Playstation 3,176
2016-11-17,Playstation Vita,225
2016-11-17,Samsung,1120
2016-11-17,SunOS,103
2016-11-17,SymbianOS,242
2016-11-17,Windows,15073145
2016-11-17,Windows Phone,51010
2016-11-17,Xbox,951
2016-11-17,iOS,5794189
2016-11-18,(not set),40654
2016-11-18,Android,3921095
2016-11-18,BlackBerry,13602
2016-11-18,Chrome OS,332903
2016-11-18,Firefox OS,234
2016-11-18,FreeBSD,335
2016-11-18,Google TV,182
2016-11-18,Linux,123611
2016-11-18,Macintosh,2139261
2016-11-18,Nintendo Wii,332
2016-11-18,Nokia,564
2016-11-18,Playstation 3,209
2016-11-18,Playstation Vita,222
2016-11-18,Samsung,997
2016-11-18,SymbianOS,292
2016-11-18,Windows,12886861
2016-11-18,Windows Phone,47085
2016-11-18,Xbox,948
2016-11-18,iOS,5305066
2016-11-19,(not set),38610
2016-11-19,Android,3356986
2016-11-19,BlackBerry,11674
2016-11-19,Chrome OS,90206
2016-11-19,Firefox OS,209
2016-11-19,FreeBSD,297
2016-11-19,Google TV,191
2016-11-19,Linux,88639
2016-11-19,Macintosh,1513364
2016-11-19,Nintendo Wii,321
2016-11-19,Nokia,593
2016-11-19,Playstation 3,183
2016-11-19,Playstation Vita,171
2016-11-19,Samsung,975
2016-11-19,SymbianOS,227
2016-11-19,Windows,5900871
2016-11-19,Windows Phone,41839
2016-11-19,Xbox,1017
2016-11-19,iOS,4487126
2016-11-20,(not set),41606
2016-11-20,Android,3220063
2016-11-20,BlackBerry,11823
2016-11-20,Chrome OS,111683
2016-11-20,Firefox OS,225
2016-11-20,FreeBSD,259
2016-11-20,Google TV,171
2016-11-20,Linux,86457
2016-11-20,Macintosh,1774039
2016-11-20,Nintendo Wii,372
2016-11-20,Nokia,579
2016-11-20,Playstation 3,208
2016-11-20,Playstation Vita,162
2016-11-20,Samsung,1127
2016-11-20,SymbianOS,253
2016-11-20,Windows,6241904
2016-11-20,Windows Phone,43098
2016-11-20,Xbox,846
2016-11-20,iOS,4217749
2016-11-21,(not set),43814
2016-11-21,Android,4180784
2016-11-21,BlackBerry,14217
2016-11-21,Chrome OS,321800
2016-11-21,Firefox OS,266
2016-11-21,FreeBSD,344
2016-11-21,Google TV,208
2016-11-21,Linux,134211
2016-11-21,Macintosh,2681694
2016-11-21,Nintendo Wii,310
2016-11-21,Nokia,636
2016-11-21,Playstation 3,207
2016-11-21,Playstation Vita,183
2016-11-21,Samsung,1116
2016-11-21,SymbianOS,265
2016-11-21,Windows,15408765
2016-11-21,Windows Phone,49873
2016-11-21,Xbox,904
2016-11-21,iOS,5589150
2016-11-22,(not set),33721
2016-11-22,Android,4152593
2016-11-22,BlackBerry,14666
2016-11-22,Chrome OS,280171
2016-11-22,Firefox OS,252
2016-11-22,FreeBSD,328
2016-11-22,Google TV,184
2016-11-22,Linux,127198
2016-11-22,Macintosh,2392512
2016-11-22,Nintendo Wii,316
2016-11-22,Nokia,682
2016-11-22,Playstation 3,157
2016-11-22,Playstation Vita,201
2016-11-22,Samsung,1139
2016-11-22,SunOS,101
2016-11-22,SymbianOS,263
2016-11-22,Windows,14443058
2016-11-22,Windows Phone,50629
2016-11-22,Xbox,937
2016-11-22,iOS,5507244
2016-11-23,(not set),32388
2016-11-23,Android,3935018
2016-11-23,BlackBerry,14038
2016-11-23,Chrome OS,134790
2016-11-23,Firefox OS,306
2016-11-23,FreeBSD,355
2016-11-23,Google TV,145
2016-11-23,Linux,118926
2016-11-23,Macintosh,1901704
2016-11-23,Nintendo Wii,359
2016-11-23,Nokia,589
2016-11-23,Playstation 3,158
2016-11-23,Playstation Vita,174
2016-11-23,Samsung,1075
2016-11-23,SymbianOS,263
2016-11-23,Windows,11553109
2016-11-23,Windows Phone,48278
2016-11-23,Xbox,925
2016-11-23,iOS,5180348
2016-11-24,(not set),31341
2016-11-24,Android,3096667
2016-11-24,BlackBerry,12221
2016-11-24,Chrome OS,68452
2016-11-24,Firefox OS,254
2016-11-24,FreeBSD,274
2016-11-24,Google TV,140
2016-11-24,Linux,94755
2016-11-24,Macintosh,1067081
2016-11-24,Nintendo Wii,252
2016-11-24,Nokia,637
2016-11-24,Playstation 3,118
2016-11-24,Playstation Vita,162
2016-11-24,Samsung,946
2016-11-24,SymbianOS,241
2016-11-24,Windows,5092750
2016-11-24,Windows Phone,42958
2016-11-24,Xbox,791
2016-11-24,iOS,3700647
2016-11-25,(not set),29321
2016-11-25,Android,3573822
2016-11-25,BlackBerry,12172
2016-11-25,Chrome OS,90440
2016-11-25,Firefox OS,249
2016-11-25,FreeBSD,303
2016-11-25,Google TV,137
2016-11-25,Linux,100850
2016-11-25,Macintosh,1491801
2016-11-25,Nintendo Wii,265
2016-11-25,Nokia,599
2016-11-25,Playstation 3,123
2016-11-25,Playstation Vita,147
2016-11-25,Samsung,991
2016-11-25,SymbianOS,220
2016-11-25,Windows,7220641
2016-11-25,Windows Phone,43133
2016-11-25,Xbox,945
2016-11-25,iOS,4655575
2016-11-26,(not set),27147
2016-11-26,Android,3303829
2016-11-26,BlackBerry,10953
2016-11-26,Chrome OS,89691
2016-11-26,Firefox OS,210
2016-11-26,FreeBSD,285
2016-11-26,Google TV,152
2016-11-26,Linux,79279
2016-11-26,Macintosh,1461561
2016-11-26,Nintendo Wii,295
2016-11-26,Nokia,613
2016-11-26,Playstation 3,155
2016-11-26,Playstation Vita,176
2016-11-26,Samsung,1062
2016-11-26,SymbianOS,242
2016-11-26,Windows,5461274
2016-11-26,Windows Phone,40437
2016-11-26,Xbox,911
2016-11-26,iOS,4415909
2016-11-27,(not set),29541
2016-11-27,Android,3333625
2016-11-27,BlackBerry,11264
2016-11-27,Chrome OS,118412
2016-11-27,Firefox OS,234
2016-11-27,FreeBSD,247
2016-11-27,Google TV,150
2016-11-27,Linux,81949
2016-11-27,Macintosh,1854531
2016-11-27,Nintendo Wii,353
2016-11-27,Nokia,616
2016-11-27,Playstation 3,211
2016-11-27,Playstation Vita,180
2016-11-27,Samsung,1118
2016-11-27,SymbianOS,236
2016-11-27,Windows,6302184
2016-11-27,Windows Phone,40932
2016-11-27,Xbox,1019
2016-11-27,iOS,4423346
2016-11-28,(not set),31964
2016-11-28,Android,4411287
2016-11-28,BlackBerry,14146
2016-11-28,Chrome OS,393483
2016-11-28,Firefox OS,293
2016-11-28,FreeBSD,348
2016-11-28,Google TV,183
2016-11-28,Linux,134967
2016-11-28,Macintosh,2989770
2016-11-28,Nintendo Wii,334
2016-11-28,Nokia,642
2016-11-28,Playstation 3,180
2016-11-28,Playstation Vita,177
2016-11-28,Samsung,1109
2016-11-28,SunOS,106
2016-11-28,SymbianOS,231
2016-11-28,Windows,16297377
2016-11-28,Windows Phone,48656
2016-11-28,Xbox,1059
2016-11-28,iOS,6047466
2016-11-29,(not set),32062
2016-11-29,Android,4499710
2016-11-29,BlackBerry,14530
2016-11-29,Chrome OS,446403
2016-11-29,Firefox OS,241
2016-11-29,FreeBSD,330
2016-11-29,Google TV,225
2016-11-29,Linux,133343
2016-11-29,Macintosh,3038737
2016-11-29,Nintendo Wii,357
2016-11-29,Nokia,612
2016-11-29,Playstation 3,227
2016-11-29,Playstation Vita,182
2016-11-29,Samsung,1012
2016-11-29,SymbianOS,251
2016-11-29,Windows,16551756
2016-11-29,Windows Phone,49543
2016-11-29,Xbox,1153
2016-11-29,iOS,6354902
2016-11-30,(not set),32250
2016-11-30,Android,4616291
2016-11-30,BlackBerry,14404
2016-11-30,Chrome OS,462316
2016-11-30,Firefox OS,266
2016-11-30,FreeBSD,329
2016-11-30,Google TV,162
2016-11-30,Linux,137637
2016-11-30,Macintosh,2975505
2016-11-30,Nintendo Wii,387
2016-11-30,Nokia,639
2016-11-30,Playstation 3,201
2016-11-30,Playstation Vita,163
2016-11-30,Samsung,1085
2016-11-30,SymbianOS,230
2016-11-30,Windows,16278264
2016-11-30,Windows Phone,49224
2016-11-30,Xbox,1082
2016-11-30,iOS,6687925
2016-12-01,(not set),32109
2016-12-01,Android,4614448
2016-12-01,BlackBerry,14409
2016-12-01,Chrome OS,450460
2016-12-01,Firefox OS,219
2016-12-01,FreeBSD,346
2016-12-01,Google TV,188
2016-12-01,Linux,134422
2016-12-01,Macintosh,2810035
2016-12-01,Nintendo Wii,327
2016-12-01,Nokia,609
2016-12-01,Playstation 3,160
2016-12-01,Playstation Vita,135
2016-12-01,Samsung,1066
2016-12-01,SymbianOS,288
2016-12-01,Windows,15485486
2016-12-01,Windows Phone,48611
2016-12-01,Xbox,1019
2016-12-01,iOS,6793646
2016-12-02,(not set),28391
2016-12-02,Android,4316017
2016-12-02,BlackBerry,12775
2016-12-02,Chrome OS,385077
2016-12-02,Firefox OS,217
2016-12-02,FreeBSD,322
2016-12-02,Google TV,173
2016-12-02,Linux,122689
2016-12-02,Macintosh,2420686
2016-12-02,Nintendo Wii,323
2016-12-02,Nokia,570
2016-12-02,Playstation 3,172
2016-12-02,Playstation Vita,143
2016-12-02,Samsung,952
2016-12-02,SymbianOS,220
2016-12-02,Windows,13614787
2016-12-02,Windows Phone,44604
2016-12-02,Xbox,1005
2016-12-02,iOS,6402444
2016-12-03,(not set),26340
2016-12-03,Android,3740510
2016-12-03,BlackBerry,11192
2016-12-03,Chrome OS,102641
2016-12-03,Firefox OS,202
2016-12-03,FreeBSD,298
2016-12-03,Google TV,155
2016-12-03,Linux,90746
2016-12-03,Macintosh,1706507
2016-12-03,Nintendo Wii,390
2016-12-03,Nokia,526
2016-12-03,Playstation 3,199
2016-12-03,Playstation Vita,174
2016-12-03,Samsung,949
2016-12-03,SymbianOS,208
2016-12-03,Windows,6374936
2016-12-03,Windows Phone,40968
2016-12-03,Xbox,1108
2016-12-03,iOS,5415121
2016-12-04,(not set),27457
2016-12-04,Android,3488107
2016-12-04,BlackBerry,11184
2016-12-04,Chrome OS,130279
2016-12-04,Firefox OS,206
2016-12-04,FreeBSD,276
2016-12-04,Google TV,197
2016-12-04,Linux,88682
2016-12-04,Macintosh,1977147
2016-12-04,Nintendo Wii,370
2016-12-04,Nokia,569
2016-12-04,Playstation 3,229
2016-12-04,Playstation Vita,169
2016-12-04,Samsung,1036
2016-12-04,SymbianOS,230
2016-12-04,Windows,6697418
2016-12-04,Windows Phone,40938
2016-12-04,Xbox,1039
2016-12-04,iOS,4860265
2016-12-05,(not set),30410
2016-12-05,Android,4745234
2016-12-05,BlackBerry,13884
2016-12-05,Chrome OS,436869
2016-12-05,Firefox OS,277
2016-12-05,FreeBSD,392
2016-12-05,Google TV,247
2016-12-05,Linux,136480
2016-12-05,Macintosh,3168461
2016-12-05,Nintendo Wii,401
2016-12-05,Nokia,579
2016-12-05,Playstation 3,225
2016-12-05,Playstation Vita,237
2016-12-05,Samsung,979
2016-12-05,SymbianOS,235
2016-12-05,Windows,17085080
2016-12-05,Windows Phone,49510
2016-12-05,Xbox,1197
2016-12-05,iOS,6959941
2016-12-06,(not set),30448
2016-12-06,Android,4602084
2016-12-06,BlackBerry,14303
2016-12-06,Chrome OS,458964
2016-12-06,Firefox OS,256
2016-12-06,FreeBSD,369
2016-12-06,Google TV,208
2016-12-06,Linux,136430
2016-12-06,Macintosh,3015825
2016-12-06,Nintendo Wii,325
2016-12-06,Nokia,607
2016-12-06,Playstation 3,184
2016-12-06,Playstation Vita,186
2016-12-06,Samsung,1040
2016-12-06,SymbianOS,224
2016-12-06,Windows,16646546
2016-12-06,Windows Phone,48274
2016-12-06,Xbox,1144
2016-12-06,iOS,6690564
2016-12-07,(not set),30469
2016-12-07,Android,4600593
2016-12-07,BlackBerry,13998
2016-12-07,Chrome OS,450052
2016-12-07,Firefox OS,253
2016-12-07,FreeBSD,365
2016-12-07,Google TV,188
2016-12-07,Linux,139038
2016-12-07,Macintosh,2921050
2016-12-07,Nintendo Wii,392
2016-12-07,Nokia,592
2016-12-07,Playstation 3,168
2016-12-07,Playstation Vita,178
2016-12-07,Samsung,1001
2016-12-07,SymbianOS,230
2016-12-07,Windows,16304603
2016-12-07,Windows Phone,47100
2016-12-07,Xbox,1126
2016-12-07,iOS,6730685
2016-12-08,(not set),29813
2016-12-08,Android,4700710
2016-12-08,BlackBerry,14334
2016-12-08,Chrome OS,449555
2016-12-08,Firefox OS,207
2016-12-08,FreeBSD,439
2016-12-08,Google TV,202
2016-12-08,Linux,139635
2016-12-08,Macintosh,2877812
2016-12-08,Nintendo Wii,382
2016-12-08,Nokia,578
2016-12-08,Playstation 3,218
2016-12-08,Playstation Vita,158
2016-12-08,Samsung,1059
2016-12-08,SymbianOS,233
2016-12-08,Windows,16030517
2016-12-08,Windows Phone,48665
2016-12-08,Xbox,1071
2016-12-08,iOS,6960180
2016-12-09,(not set),27482
2016-12-09,Android,4346365
2016-12-09,BlackBerry,12766
2016-12-09,Chrome OS,376852
2016-12-09,Firefox OS,223
2016-12-09,FreeBSD,327
2016-12-09,Google TV,192
2016-12-09,Linux,127752
2016-12-09,Macintosh,2465527
2016-12-09,Nintendo Wii,339
2016-12-09,Nokia,579
2016-12-09,Playstation 3,194
2016-12-09,Playstation Vita,168
2016-12-09,Samsung,849
2016-12-09,SymbianOS,204
2016-12-09,Windows,13930736
2016-12-09,Windows Phone,45126
2016-12-09,Xbox,1061
2016-12-09,iOS,6357124
2016-12-10,(not set),25815
2016-12-10,Android,3774180
2016-12-10,BlackBerry,11354
2016-12-10,Chrome OS,107968
2016-12-10,Firefox OS,214
2016-12-10,FreeBSD,369
2016-12-10,Google TV,219
2016-12-10,Linux,93696
2016-12-10,Macintosh,1758647
2016-12-10,Nintendo Wii,426
2016-12-10,Nokia,522
2016-12-10,Playstation 3,172
2016-12-10,Playstation Vita,173
2016-12-10,Samsung,953
2016-12-10,SymbianOS,218
2016-12-10,Windows,6577760
2016-12-10,Windows Phone,41693
2016-12-10,Xbox,1148
2016-12-10,iOS,5445859
2016-12-11,(not set),25970
2016-12-11,Android,3534850
2016-12-11,BlackBerry,11257
2016-12-11,Chrome OS,134293
2016-12-11,Firefox OS,161
2016-12-11,FreeBSD,361
2016-12-11,Google TV,175
2016-12-11,Linux,90615
2016-12-11,Macintosh,1972854
2016-12-11,Nintendo Wii,392
2016-12-11,Nokia,498
2016-12-11,Playstation 3,204
2016-12-11,Playstation Vita,180
2016-12-11,Samsung,980
2016-12-11,SymbianOS,216
2016-12-11,Windows,6726037
2016-12-11,Windows Phone,40201
2016-12-11,Xbox,1079
2016-12-11,iOS,5019611
2016-12-12,(not set),28328
2016-12-12,Android,4571800
2016-12-12,BlackBerry,13210
2016-12-12,Chrome OS,411694
2016-12-12,Firefox OS,234
2016-12-12,FreeBSD,376
2016-12-12,Google TV,205
2016-12-12,Linux,136472
2016-12-12,Macintosh,3043016
2016-12-12,Nintendo Wii,335
2016-12-12,Nokia,534
2016-12-12,Playstation 3,166
2016-12-12,Playstation Vita,195
2016-12-12,Samsung,934
2016-12-12,SymbianOS,234
2016-12-12,Windows,16840567
2016-12-12,Windows Phone,46934
2016-12-12,Xbox,1161
2016-12-12,iOS,6708290
2016-12-13,(not set),28831
2016-12-13,Android,4563776
2016-12-13,BlackBerry,13172
2016-12-13,Chrome OS,428491
2016-12-13,Firefox OS,187
2016-12-13,FreeBSD,377
2016-12-13,Google TV,223
2016-12-13,Linux,133887
2016-12-13,Macintosh,2914300
2016-12-13,Nintendo Wii,363
2016-12-13,Nokia,557
2016-12-13,Playstation 3,207
2016-12-13,Playstation Vita,176
2016-12-13,Samsung,986
2016-12-13,SymbianOS,204
2016-12-13,Windows,16512015
2016-12-13,Windows Phone,46759
2016-12-13,Xbox,1084
2016-12-13,iOS,6657722